Scenario,Average Relevance,Average Completeness,Average Personalization,Average Expertise,Average Language,Overall Average
Activity/Purpose Based,4.333333333333333,4.166666666666667,2.8333333333333335,4.333333333333333,4.666666666666667,4.066666666666666
Style/Appearance Based,4.5,4.5,3.3333333333333335,4.666666666666667,5.0,4.3999999999999995
Comfort/Experience Based,3.6666666666666665,4.166666666666667,2.6666666666666665,4.333333333333333,4.666666666666667,3.9
Occasion Based,4.5,4.0,3.0,4.5,4.833333333333333,4.166666666666667
Mixed Requirements,4.333333333333333,4.333333333333333,3.0,4.666666666666667,5.0,4.266666666666667
Specific Problem Based,3.8333333333333335,3.6666666666666665,2.6666666666666665,4.0,4.666666666666667,3.766666666666667
Weather/Season Based,3.8333333333333335,3.5,2.5,4.333333333333333,4.666666666666667,3.766666666666666
