Scenario,Average Relevance,Average Completeness,Average Personalization,Average Expertise,Average Language,Overall Average
Activity/Purpose Based,5.0,4.75,4.0,4.75,5.0,4.699999999999999
Style/Appearance Based,3.5,3.75,3.0,4.25,4.75,3.8499999999999996
Comfort/Experience Based,4.166666666666667,4.333333333333333,3.1666666666666665,4.5,4.666666666666667,4.166666666666667
Occasion Based,4.333333333333333,4.333333333333333,3.1666666666666665,4.5,5.0,4.266666666666667
Mixed Requirements,4.166666666666667,4.333333333333333,3.6666666666666665,4.5,4.666666666666667,4.266666666666667
Specific Problem Based,4.166666666666667,4.333333333333333,3.0,4.0,4.666666666666667,4.033333333333333
Weather/Season Based,4.166666666666667,4.333333333333333,3.6666666666666665,4.5,4.666666666666667,4.266666666666667
