Scenario,Average Relevance,Average Completeness,Average Personalization,Average Expertise,Average Language,Overall Average
Activity/Purpose Based,4.333333333333333,4.333333333333333,3.3333333333333335,4.333333333333333,4.666666666666667,4.2
Style/Appearance Based,3.6666666666666665,3.6666666666666665,2.6666666666666665,4.333333333333333,4.666666666666667,3.8000000000000003
Comfort/Experience Based,4.0,3.75,3.25,4.25,4.5,3.95
Occasion Based,4.166666666666667,4.166666666666667,3.3333333333333335,4.333333333333333,4.5,4.1000000000000005
Mixed Requirements,3.8333333333333335,3.3333333333333335,3.1666666666666665,4.333333333333333,4.333333333333333,3.7999999999999994
Specific Problem Based,4.0,4.0,3.3333333333333335,4.166666666666667,4.5,4.0
Weather/Season Based,3.5,3.6666666666666665,3.0,4.0,4.833333333333333,3.7999999999999994
