Scenario,Average Relevance,Average Completeness,Average Personalization,Average Expertise,Average Language,Overall Average
Activity/Purpose Based,4.25,4.75,3.5,4.25,5.0,4.35
Style/Appearance Based,4.0,4.333333333333333,3.5,4.333333333333333,4.5,4.133333333333334
Comfort/Experience Based,3.3333333333333335,3.8333333333333335,2.8333333333333335,4.0,4.333333333333333,3.6666666666666665
Occasion Based,4.333333333333333,4.166666666666667,3.5,4.333333333333333,4.666666666666667,4.2
Mixed Requirements,4.0,4.333333333333333,3.5,4.5,4.833333333333333,4.233333333333333
Specific Problem Based,4.166666666666667,4.333333333333333,3.3333333333333335,4.333333333333333,4.5,4.133333333333333
Weather/Season Based,4.166666666666667,3.8333333333333335,3.6666666666666665,4.166666666666667,4.666666666666667,4.1000000000000005
