Scenario,Average Relevance,Average Completeness,Average Personalization,Average Expertise,Average Language,Overall Average
Activity/Purpose Based,4.333333333333333,4.166666666666667,3.1666666666666665,4.666666666666667,4.833333333333333,4.233333333333333
Style/Appearance Based,4.5,4.333333333333333,3.3333333333333335,4.666666666666667,4.666666666666667,4.3
Comfort/Experience Based,4.0,3.8333333333333335,3.0,4.666666666666667,4.833333333333333,4.066666666666666
Occasion Based,4.333333333333333,4.0,3.3333333333333335,4.666666666666667,4.833333333333333,4.233333333333333
Mixed Requirements,4.166666666666667,4.333333333333333,3.1666666666666665,4.666666666666667,4.833333333333333,4.233333333333333
Specific Problem Based,4.5,4.333333333333333,3.3333333333333335,4.5,5.0,4.333333333333333
