Scenario,Average Relevance,Average Completeness,Average Personalization,Average Expertise,Average Language,Overall Average
Activity/Purpose Based,4.5,4.166666666666667,2.6666666666666665,4.666666666666667,4.666666666666667,4.133333333333333
Style/Appearance Based,4.833333333333333,5.0,3.1666666666666665,4.833333333333333,5.0,4.566666666666666
Comfort/Experience Based,4.0,4.0,3.0,4.166666666666667,4.833333333333333,4.0
Occasion Based,4.166666666666667,3.8333333333333335,3.1666666666666665,4.166666666666667,4.833333333333333,4.033333333333333
Mixed Requirements,4.5,4.333333333333333,3.5,4.833333333333333,5.0,4.433333333333334
Specific Problem Based,4.0,3.6666666666666665,3.1666666666666665,4.0,4.666666666666667,3.9
Brand Impression Based,3.5,3.0,2.5,4.5,4.833333333333333,3.6666666666666665
Weather/Season Based,4.0,3.875,2.75,4.625,4.875,4.025
